{
    "key": "group_5ee5a1f9c8794",
    "title": "Page options",
    "fields": [
        {
            "key": "field_6450b44f99562",
            "label": "Header",
            "name": "",
            "type": "tab",
            "instructions": "",
            "required": 0,
            "conditional_logic": 0,
            "wrapper": {
                "width": "",
                "class": "",
                "id": ""
            },
            "placement": "top",
            "endpoint": 0
        },
        {
            "key": "field_5ee5b7e62edef",
            "label": "Header Style",
            "name": "header_style",
            "type": "select",
            "instructions": "Please chose header style.",
            "required": 0,
            "conditional_logic": 0,
            "wrapper": {
                "width": "20",
                "class": "",
                "id": ""
            },
            "choices": {
                "header-style-1": "Header Style 1",
                "header-style-2": "Header Style 2",
                "header-style-3": "Header Style 3",
                "header-style-custom": "Header Style Custom"
            },
            "default_value": "header-style-1",
            "allow_null": 1,
            "multiple": 0,
            "ui": 0,
            "return_format": "value",
            "ajax": 0,
            "placeholder": ""
        },
        {
            "key": "field_6458d2d4fbac6",
            "label": "Select Custom Header",
            "name": "saasto_select_custom_header",
            "type": "post_object",
            "instructions": "",
            "required": 1,
            "conditional_logic": [
                [
                    {
                        "field": "field_5ee5b7e62edef",
                        "operator": "==",
                        "value": "header-style-Custom"
                    }
                ]
            ],
            "wrapper": {
                "width": "70",
                "class": "",
                "id": ""
            },
            "post_type": [
                "saasto-templates"
            ],
            "taxonomy": "",
            "allow_null": 0,
            "multiple": 0,
            "return_format": "id",
            "ui": 1
        },
        {
            "key": "field_6450b4006b2a6",
            "label": "Transparent Header",
            "name": "transparent_header",
            "type": "true_false",
            "instructions": "Enable this option if you want to make the header transparent",
            "required": 0,
            "conditional_logic": 0,
            "wrapper": {
                "width": "",
                "class": "",
                "id": ""
            },
            "message": "",
            "default_value": 0,
            "ui": 1,
            "ui_on_text": "Enable",
            "ui_off_text": "Disable"
        },
        {
            "key": "field_5ee5ba74c315f",
            "label": "Enable Custom Logo",
            "name": "is_enable_cust_logo",
            "type": "true_false",
            "instructions": "For Enable Secondary Logo Please Go Here",
            "required": 0,
            "conditional_logic": 0,
            "wrapper": {
                "width": "20",
                "class": "",
                "id": ""
            },
            "message": "",
            "default_value": 0,
            "ui": 0,
            "ui_on_text": "",
            "ui_off_text": ""
        },
        {
            "key": "field_6433a4bf797ac",
            "label": "Custom Logo",
            "name": "custom_logo",
            "type": "image",
            "instructions": "",
            "required": 0,
            "conditional_logic": [
                [
                    {
                        "field": "field_5ee5ba74c315f",
                        "operator": "==",
                        "value": "1"
                    }
                ]
            ],
            "wrapper": {
                "width": "20",
                "class": "",
                "id": ""
            },
            "return_format": "id",
            "preview_size": "medium",
            "library": "all",
            "min_width": "",
            "min_height": "",
            "min_size": "",
            "max_width": "",
            "max_height": "",
            "max_size": "",
            "mime_types": ""
        },
        {
            "key": "field_6450b46699563",
            "label": "Page",
            "name": "",
            "type": "tab",
            "instructions": "",
            "required": 0,
            "conditional_logic": 0,
            "wrapper": {
                "width": "",
                "class": "",
                "id": ""
            },
            "placement": "top",
            "endpoint": 0
        },
        {
            "key": "field_5ee5a2875481b",
            "label": "Breadcrumb",
            "name": "is_it_invisible_breadcrumb",
            "type": "true_false",
            "instructions": "",
            "required": 0,
            "conditional_logic": 0,
            "wrapper": {
                "width": "20",
                "class": "",
                "id": ""
            },
            "message": "Is it invisible breadcrumb?",
            "default_value": 1,
            "ui": 1,
            "ui_on_text": "Enable",
            "ui_off_text": "Disable"
        },
        {
            "key": "field_5ee5a3275481c",
            "label": "Breadcrumb Background Image",
            "name": "breadcrumb_background_image",
            "type": "image",
            "instructions": "Breadcrumb Background Image",
            "required": 0,
            "conditional_logic": [
                [
                    {
                        "field": "field_5ee5a2875481b",
                        "operator": "==",
                        "value": "1"
                    }
                ]
            ],
            "wrapper": {
                "width": "20",
                "class": "",
                "id": ""
            },
            "return_format": "array",
            "preview_size": "full",
            "library": "all",
            "min_width": "",
            "min_height": "",
            "min_size": "",
            "max_width": "",
            "max_height": "",
            "max_size": "",
            "mime_types": "jpg,png"
        },
        {
            "key": "field_64129a0a2dcf9",
            "label": "Background Style",
            "name": "body_background_style",
            "type": "select",
            "instructions": "Breadcrumb Background Image",
            "required": 0,
            "conditional_logic": 0,
            "wrapper": {
                "width": "20",
                "class": "",
                "id": ""
            },
            "choices": {
                "normal_style": "Normal Style",
                "style_1": "Style 1",
                "style_2": "Style 2",
                "style_3": "Style 3"
            },
            "default_value": "normal_style",
            "allow_null": 0,
            "multiple": 0,
            "ui": 0,
            "return_format": "value",
            "ajax": 0,
            "placeholder": ""
        },
        {
            "key": "field_6450b523571b4",
            "label": "Footer",
            "name": "",
            "type": "tab",
            "instructions": "",
            "required": 0,
            "conditional_logic": 0,
            "wrapper": {
                "width": "",
                "class": "",
                "id": ""
            },
            "placement": "top",
            "endpoint": 0
        },
        {
            "key": "field_64574d8bbbc70",
            "label": "Enable Custom Footer",
            "name": "enable_custom_footer",
            "type": "true_false",
            "instructions": "",
            "required": 0,
            "conditional_logic": 0,
            "wrapper": {
                "width": "30",
                "class": "",
                "id": ""
            },
            "message": "",
            "default_value": 0,
            "ui": 1,
            "ui_on_text": "Enable",
            "ui_off_text": "Disable"
        },
        {
            "key": "field_64574cad9b42d",
            "label": "Select Custom Footer",
            "name": "saasto_select_custom_footer",
            "type": "post_object",
            "instructions": "",
            "required": 1,
            "conditional_logic": [
                [
                    {
                        "field": "field_64574d8bbbc70",
                        "operator": "==",
                        "value": "1"
                    }
                ]
            ],
            "wrapper": {
                "width": "70",
                "class": "",
                "id": ""
            },
            "post_type": [
                "saasto-templates"
            ],
            "taxonomy": "",
            "allow_null": 0,
            "multiple": 0,
            "return_format": "id",
            "ui": 1
        }
    ],
    "location": [
        [
            {
                "param": "post_type",
                "operator": "==",
                "value": "page"
            }
        ],
        [
            {
                "param": "post_type",
                "operator": "==",
                "value": "post"
            }
        ]
    ],
    "menu_order": 0,
    "position": "normal",
    "style": "default",
    "label_placement": "top",
    "instruction_placement": "label",
    "hide_on_screen": "",
    "active": true,
    "description": "",
    "show_in_rest": 0,
    "modified": 1683627621
}